﻿{"cameraMode":{"drawMode":0,"name":"Shaded","section":"Shading Mode"},"sceneLighting":false,"audioPlay":false,"sceneViewState":{"showFog":true,"showMaterialUpdate":false,"showSkybox":false,"showFlares":true,"showImageEffects":true,"showParticleSystems":true},"in2DMode":false,"pivot":{"x":0.593999981880188,"y":1.1139999628067017,"z":7.913999557495117},"rotation":{"x":-0.4540610611438751,"y":-0.0008156827534548938,"z":0.0003910123195964843,"w":-0.8909896016120911},"size":2.36163330078125,"orthographic":false}