﻿{"cameraMode":{"drawMode":0,"name":"Shaded","section":"Shading Mode"},"sceneLighting":false,"audioPlay":false,"sceneViewState":{"showFog":true,"showMaterialUpdate":false,"showSkybox":false,"showFlares":true,"showImageEffects":true,"showParticleSystems":true},"in2DMode":false,"pivot":{"x":4.210000038146973,"y":2.3000001907348635,"z":5.449999809265137},"rotation":{"x":-0.4540610611438751,"y":-0.0008156827534548938,"z":0.0003910123195964843,"w":-0.8909896016120911},"size":0.9994314312934876,"orthographic":false}